reward,epsilon,steps,avg_delay,avg_queue,throughput,emergency_stops,loss_total,loss_rl,loss_pred,episode,timestamp,eval_reward,eval_reward_std,eval_avg_delay,eval_avg_queue,eval_throughput,eval_emergency_stops
-7147.55555555556,0.95,719,1.148936170212766,0.20833333333333334,3506,0,147.16062817340944,147.157261668182,0.011221774504519999,1,2026-05-19T04:46:34.214015,,,,,,
-6047.500000000007,0.9025,719,3.853932584269663,0.4444444444444444,3511,0,95.20477677452713,95.20195778752567,0.0093968350359955,2,2026-05-19T04:48:16.155928,,,,,,
-6320.166666666663,0.8573749999999999,719,3.1333333333333333,0.3333333333333333,3510,0,91.43024777769213,91.42754959297446,0.008993274016728073,3,2026-05-19T04:49:58.985531,,,,,,
-5851.16666666667,0.8145062499999999,719,0.11827956989247312,0.08333333333333333,3507,0,85.05921808171173,85.05659444010473,0.008744909456556713,4,2026-05-19T04:51:41.485061,,,,,,
-5579.277777777781,0.7737809374999999,719,0.10638297872340426,0.05555555555555555,3504,0,81.14039568841375,81.13781783378505,0.00859307792421135,5,2026-05-19T04:53:23.739079,,,,,,
-5048.944444444443,0.7350918906249998,719,1.0,0.19444444444444445,3506,0,77.43541153017769,77.43286731279609,0.008480701129235876,6,2026-05-19T04:55:06.534890,,,,,,
-4821.111111111109,0.6983372960937497,719,0.8651685393258427,0.19444444444444445,3511,0,72.47338341406555,72.47085095910933,0.008441828198404529,7,2026-05-19T04:56:48.854173,,,,,,
-4702.83333333333,0.6634204312890623,719,0.875,0.1388888888888889,3512,0,69.70777929144211,69.70529104771302,0.008294098015734731,8,2026-05-19T04:58:31.317471,,,,,,
-4638.888888888882,0.6302494097246091,719,1.4615384615384615,0.2638888888888889,3509,0,67.27793755882804,67.27545283799046,0.00828235543375739,9,2026-05-19T05:00:14.734317,,,,,,
-4130.000000000005,0.5987369392383786,719,1.0222222222222221,0.20833333333333334,3510,0,64.80343673026942,64.80098618254044,0.008168820426469055,10,2026-05-19T05:03:09.320796,-2906.6666666666692,0.0,0.6511627906976745,0.19444444444444445,3514.0,0.0
-4168.777777777778,0.5688000922764596,719,0.9767441860465116,0.19444444444444445,3514,0,62.719031810097306,62.7165986274645,0.008110336031277712,11,2026-05-19T05:04:52.896372,,,,,,
-4347.1111111111095,0.5403600876626365,719,0.7142857142857143,0.16666666666666666,3516,0,61.717189900235105,61.714779908202786,0.008033498366504535,12,2026-05-19T05:06:35.955422,,,,,,
-4056.5555555555534,0.5133420832795047,719,1.4111111111111112,0.2361111111111111,3510,0,60.17379860486706,60.17140509190248,0.00797838350610292,13,2026-05-19T05:08:18.644045,,,,,,
-18742.55555555556,0.48767497911552943,719,0.6091954022988506,0.16666666666666666,3512,0,1456.4066792993453,1456.4042830381009,0.007993657674940927,14,2026-05-19T05:10:04.969513,,,,,,
-3950.4444444444425,0.46329123015975293,719,0.5520833333333334,0.1527777777777778,3504,0,1204.8948340754184,1204.8924363551453,0.008004092502567051,15,2026-05-19T05:11:48.396061,,,,,,
-3657.6666666666706,0.44012666865176525,719,0.12359550561797752,0.06944444444444445,3511,0,809.5771027937718,809.5747236005122,0.007938659679978796,16,2026-05-19T05:13:30.953825,,,,,,
-3808.777777777776,0.41812033521917696,719,0.1927710843373494,0.09722222222222222,3516,0,787.2271868741562,787.2248364476402,0.007832305848479312,17,2026-05-19T05:15:15.921297,,,,,,
-3738.4444444444434,0.3972143184582181,719,0.42045454545454547,0.1388888888888889,3512,0,595.75460329971,595.752254666473,0.007805924239582661,18,2026-05-19T05:17:00.397513,,,,,,
-3726.4999999999977,0.37735360253530714,719,1.3777777777777778,0.2638888888888889,3510,0,1318.50459865204,1318.502300952174,0.007740059939390554,19,2026-05-19T05:18:43.716524,,,,,,
-3613.0555555555547,0.35848592240854177,719,0.8,0.19444444444444445,3509,0,749.5310864242957,749.5287301563586,0.007863281786270822,20,2026-05-19T05:21:38.749020,-2891.8333333333285,0.0,0.7261904761904762,0.16666666666666666,3516.0,0.0
-3615.9444444444493,0.34056162628811465,719,0.797752808988764,0.20833333333333334,3511,0,618.9386622889151,618.9363740488617,0.007628677947827523,21,2026-05-19T05:23:24.262255,,,,,,
-3635.5555555555543,0.3235335449737089,719,0.7528089887640449,0.19444444444444445,3511,0,1431.2704794489791,1431.2682346137078,0.0075406119841382796,22,2026-05-19T05:25:08.900309,,,,,,
-3494.7222222222213,0.30735686772502346,719,1.0777777777777777,0.20833333333333334,3510,0,1076.7643546262273,1076.7620904628027,0.007576041441716471,23,2026-05-19T05:26:52.911038,,,,,,
-3496.2222222222254,0.2919890243387723,719,0.4945054945054945,0.18055555555555555,3509,0,1180.833670959685,1180.8314298011662,0.007496310620126995,24,2026-05-19T05:28:37.692259,,,,,,
-3372.444444444441,0.27738957312183365,719,1.3176470588235294,0.19444444444444445,3514,0,1187.2263184389583,1187.224093488924,0.007441573361160236,25,2026-05-19T05:30:22.076702,,,,,,
-3391.888888888887,0.263520094465742,719,0.5180722891566265,0.16666666666666666,3517,0,1375.0706168746417,1375.0684125897615,0.007375736823836561,26,2026-05-19T05:32:06.601917,,,,,,
-3476.111111111109,0.25034408974245487,719,0.7444444444444445,0.18055555555555555,3509,0,2796.5401996564797,2796.5380085612205,0.0073248420651582415,27,2026-05-19T05:33:51.257449,,,,,,
-3257.3888888888946,0.2378268852553321,719,1.4651162790697674,0.20833333333333334,3513,0,3233.680051609936,3233.677885105945,0.007271168165437369,28,2026-05-19T05:35:36.284334,,,,,,
-3355.611111111107,0.2259355409925655,719,1.3146067415730338,0.2916666666666667,3511,0,1413.1532977957056,1413.1511190252609,0.007258456922492456,29,2026-05-19T05:37:24.054832,,,,,,
-3099.0555555555547,0.2146387639429372,719,1.1264367816091954,0.20833333333333334,3513,0,1752.3306269188085,1752.3284730049102,0.007225003666652467,30,2026-05-19T05:40:20.529944,-2998.0000000000014,0.0,1.8681318681318682,0.3194444444444444,3509.0,0.0
-3253.3888888888882,0.20390682574579033,719,0.5909090909090909,0.1388888888888889,3512,0,1700.5094982831633,1700.5073396738449,0.007180060419967717,31,2026-05-19T05:42:04.622945,,,,,,
-3223.2777777777765,0.1937114844585008,719,0.13333333333333333,0.06944444444444445,3510,0,2893.4759048069304,2893.473786973489,0.007113235932030042,32,2026-05-19T05:43:49.484491,,,,,,
-3190.722222222224,0.18402591023557577,719,1.896551724137931,0.2916666666666667,3513,0,3421.401929093999,3421.399833031921,0.007042756942729045,33,2026-05-19T05:45:34.641408,,,,,,
-3220.6111111111145,0.17482461472379698,719,0.15384615384615385,0.05555555555555555,3509,0,2072.4205868207696,2072.4184984411418,0.0069896035273306805,34,2026-05-19T05:47:20.146081,,,,,,
-3219.1111111111068,0.16608338398760714,719,0.5434782608695652,0.18055555555555555,3508,0,2311.4130704240442,2311.410996785913,0.006968676564652831,35,2026-05-19T05:49:05.673262,,,,,,
-3358.999999999997,0.15777921478822676,719,0.25,0.08333333333333333,3508,0,2624.4015943742097,2624.39953451727,0.006909984817420118,36,2026-05-19T05:50:51.068848,,,,,,
-3094.2222222222213,0.14989025404881542,719,0.19047619047619047,0.041666666666666664,3515,0,4486.840157658732,4486.8381247248535,0.006784732180216216,37,2026-05-19T05:52:36.450442,,,,,,
-3173.666666666665,0.14239574134637464,719,0.24705882352941178,0.06944444444444445,3514,0,2622.545064148883,2622.5430426458324,0.006734628253001124,38,2026-05-19T05:54:22.460986,,,,,,
-3120.3333333333317,0.1352759542790559,719,1.1797752808988764,0.19444444444444445,3511,0,3609.137084499354,3609.135026891971,0.006846348649494464,39,2026-05-19T05:56:08.497121,,,,,,
-3198.27777777778,0.1285121565651031,719,0.8735632183908046,0.19444444444444445,3513,0,4581.702812051574,4581.700821403005,0.0067096018693532915,40,2026-05-19T05:59:05.865187,-2880.499999999997,0.0,0.36046511627906974,0.09722222222222222,3514.0,0.0
-3077.5000000000045,0.12208654873684793,719,1.036144578313253,0.16666666666666666,3517,0,1585.4246295377177,1585.4226502695733,0.006584608710405931,41,2026-05-19T06:00:54.838424,,,,,,
-3106.0555555555593,0.11598222130000553,719,0.41975308641975306,0.08333333333333333,3518,0,5096.582984242552,5096.581036704306,0.006534934067847375,42,2026-05-19T06:02:41.028311,,,,,,
-3061.833333333335,0.11018311023500525,719,0.4090909090909091,0.1111111111111111,3512,0,1884.8056538705202,1884.8036970528508,0.006527393953991285,43,2026-05-19T06:04:27.019848,,,,,,
-3146.166666666668,0.10467395472325498,719,0.5058823529411764,0.1388888888888889,3515,0,5247.072514243518,5247.070585874258,0.006515117147769028,44,2026-05-19T06:06:12.903715,,,,,,
-3124.333333333336,0.09944025698709223,719,0.8666666666666667,0.19444444444444445,3510,0,3726.9776655682604,3726.975768122454,0.006412186865825647,45,2026-05-19T06:07:58.649012,,,,,,
-3055.0000000000014,0.09446824413773762,719,0.5632183908045977,0.125,3512,0,4681.6538862697935,4681.651986386083,0.0063780034621542785,46,2026-05-19T06:09:44.370616,,,,,,
-3194.555555555553,0.08974483193085074,719,0.05813953488372093,0.05555555555555555,3514,0,4719.060222217205,4719.058347463276,0.006330513199778359,47,2026-05-19T06:11:29.087680,,,,,,
-3028.0000000000023,0.0852575903343082,719,0.5978260869565217,0.1388888888888889,3508,0,3180.832626098718,3180.83076498273,0.006256629384520446,48,2026-05-19T06:13:14.498879,,,,,,
-3005.055555555558,0.08099471081759278,719,0.19767441860465115,0.09722222222222222,3514,0,1493.462582003258,1493.4607268135803,0.006199743331867232,49,2026-05-19T06:15:00.792255,,,,,,
-2999.222222222219,0.07694497527671314,719,0.7191011235955056,0.19444444444444445,3511,0,4727.054971495988,4727.053152360239,0.00616877532197533,50,2026-05-19T06:17:58.999950,-3028.944444444444,0.0,1.1264367816091954,0.19444444444444445,3513.0,0.0
-3054.0555555555557,0.07309772651287748,719,0.9069767441860465,0.16666666666666666,3514,0,3955.1161917101526,3955.1143637539117,0.00616086569843977,51,2026-05-19T06:19:48.889640,,,,,,
-3021.166666666665,0.0694428401872336,719,0.11627906976744186,0.06944444444444445,3514,0,9178.276274830974,9178.274474667905,0.006129698384221597,52,2026-05-19T06:21:34.559217,,,,,,
-3069.3888888888923,0.0659706981778719,719,0.6046511627906976,0.18055555555555555,3514,0,1721.73054997281,1721.7287442070717,0.006066146144133077,53,2026-05-19T06:23:20.545644,,,,,,
-2981.444444444443,0.0626721632689783,719,0.3448275862068966,0.1388888888888889,3513,0,7768.170914847596,7768.169138087351,0.005998238380376628,54,2026-05-19T06:25:06.675213,,,,,,
-3022.7777777777796,0.059538555105529384,719,1.0333333333333334,0.20833333333333334,3510,0,4959.396801143429,4959.395009702701,0.006051770413374743,55,2026-05-19T06:26:53.327101,,,,,,
-3133.0555555555534,0.05656162735025291,719,0.5287356321839081,0.16666666666666666,3513,0,3658.111993458075,3658.110226048879,0.005932785979937114,56,2026-05-19T06:28:39.626945,,,,,,
-3017.2777777777783,0.053733545982740265,719,0.5581395348837209,0.125,3513,0,2815.3375287460517,2815.3357814130927,0.00590419961380486,57,2026-05-19T06:30:26.308758,,,,,,
-2997.7222222222244,0.05104686868360325,719,0.08045977011494253,0.027777777777777776,3511,0,9396.705695121776,9396.703944626703,0.0058901038497520585,58,2026-05-19T06:32:12.389985,,,,,,
-3016.666666666668,0.05,719,1.627906976744186,0.3055555555555556,3514,0,3798.2682051572415,3798.266486540623,0.005794584935062121,59,2026-05-19T06:33:58.105734,,,,,,
-2976.888888888892,0.05,719,0.1511627906976744,0.08333333333333333,3514,0,3300.682720210854,3300.6810101733254,0.005757127836688586,60,2026-05-19T06:36:59.395443,-2956.4444444444484,0.0,1.6483516483516483,0.3194444444444444,3509.0,0.0
-3072.333333333331,0.05,719,0.38202247191011235,0.1388888888888889,3511,0,8349.977778239774,8349.976080293616,0.00572496405977533,61,2026-05-19T06:38:45.593200,,,,,,
-3066.3888888888887,0.05,719,0.9540229885057471,0.2222222222222222,3513,0,4547.536091498108,4547.5343928012135,0.00571593177609757,62,2026-05-19T06:40:32.827979,,,,,,
-2998.3333333333335,0.05,719,0.8666666666666667,0.20833333333333334,3510,0,2898.6227954286196,2898.621114152529,0.0056902586983747375,63,2026-05-19T06:42:19.022187,,,,,,
-3002.1111111111113,0.05,719,0.3068181818181818,0.1111111111111111,3512,0,1787.1451785441732,1787.1434885696178,0.005677494681563347,64,2026-05-19T06:44:05.769398,,,,,,
-2985.888888888892,0.05,719,0.4069767441860465,0.09722222222222222,3513,0,1348.329053555145,1348.3273877659826,0.005626120524265919,65,2026-05-19T06:45:52.509795,,,,,,
-3083.9444444444425,0.05,719,0.34523809523809523,0.08333333333333333,3515,0,1835.7843755528393,1835.7827182790998,0.005598366827871106,66,2026-05-19T06:47:37.232246,,,,,,
-3077.9999999999995,0.05,719,0.32558139534883723,0.09722222222222222,3513,0,1788.9659425366738,1788.9642769783031,0.005587505775740855,67,2026-05-19T06:49:23.565628,,,,,,
-27041.44444444442,0.05,719,0.8023255813953488,0.20833333333333334,3514,0,17111.625577430565,17111.62391077925,0.005660390033825755,68,2026-05-19T06:51:12.692767,,,,,,
-2972.1666666666697,0.05,719,1.3820224719101124,0.2638888888888889,3511,0,11574.814854124492,11574.813234528183,0.005530145997893951,69,2026-05-19T06:52:58.481763,,,,,,
-3093.4444444444443,0.05,719,1.3411764705882352,0.16666666666666666,3515,0,20273.563040084733,20273.56144057262,0.005549271343604912,70,2026-05-19T06:55:57.461777,-2960.9444444444407,0.0,0.8953488372093024,0.19444444444444445,3513.0,0.0
-2988.611111111106,0.05,719,0.48863636363636365,0.1388888888888889,3511,0,8246.441720989053,8246.440120291147,0.005463805629305738,71,2026-05-19T06:57:52.107138,,,,,,
-3003.2777777777765,0.05,719,0.5,0.1527777777777778,3512,0,6961.653780312466,6961.652221318909,0.0054572658077068886,72,2026-05-19T06:59:39.552096,,,,,,
-2938.0555555555534,0.05,719,0.7333333333333333,0.16666666666666666,3510,0,18071.35190036068,18071.350344714934,0.005387653108370155,73,2026-05-19T07:01:25.949629,,,,,,
-3030.0555555555534,0.05,719,0.4166666666666667,0.1527777777777778,3516,0,13505.189579063066,13505.188036124133,0.005310562439262867,74,2026-05-19T07:03:12.710304,,,,,,
-3122.999999999999,0.05,719,0.6823529411764706,0.1527777777777778,3514,0,10802.511984391405,10802.510443317376,0.005247208889203356,75,2026-05-19T07:04:59.987803,,,,,,
-3054.444444444445,0.05,719,0.7415730337078652,0.18055555555555555,3511,0,22803.869516115363,22803.868015687225,0.0052020464507637545,76,2026-05-19T07:06:46.223250,,,,,,
-3027.388888888893,0.05,719,0.6363636363636364,0.18055555555555555,3511,0,6918.161680553155,6918.160175885876,0.005153014998162821,77,2026-05-19T07:08:32.237758,,,,,,
-3061.3888888888846,0.05,719,0.8131868131868132,0.19444444444444445,3509,0,5276.2453209395535,5276.243827671268,0.0051303426547284255,78,2026-05-19T07:10:19.447850,,,,,,
-3051.777777777779,0.05,719,0.4367816091954023,0.1111111111111111,3512,0,15464.42608634885,15464.424644239423,0.005048528022193693,79,2026-05-19T07:12:05.899281,,,,,,
-3073.5555555555557,0.05,719,0.7674418604651163,0.1527777777777778,3514,0,6307.370666920393,6307.3692151389305,0.004958138413214344,80,2026-05-19T07:15:05.217116,-3010.4999999999977,0.0,0.5764705882352941,0.1111111111111111,3513.0,0.0
-3020.555555555552,0.05,719,0.39325842696629215,0.1527777777777778,3511,0,12257.716451178008,12257.71501445107,0.004986456011179757,81,2026-05-19T07:16:50.282862,,,,,,
-3112.6666666666683,0.05,719,1.2840909090909092,0.2222222222222222,3512,0,13670.390386416948,13670.388977350545,0.004932409579190782,82,2026-05-19T07:18:37.072329,,,,,,
-2992.1666666666665,0.05,719,1.5888888888888888,0.2916666666666667,3510,0,9190.263051177597,9190.261642708068,0.004882406648662931,83,2026-05-19T07:20:23.952465,,,,,,
-2988.0555555555575,0.05,719,0.4772727272727273,0.1388888888888889,3511,0,4739.091326417777,4739.089919677862,0.0047962555418280635,84,2026-05-19T07:22:10.888985,,,,,,
-3142.1111111111068,0.05,719,0.7093023255813954,0.20833333333333334,3514,0,3881.1593101273324,3881.15791944204,0.0047389367972248036,85,2026-05-19T07:23:57.421556,,,,,,
-2977.8333333333317,0.05,719,0.6179775280898876,0.19444444444444445,3511,0,2714.2307646490103,2714.2293413557495,0.0048171918527048305,86,2026-05-19T07:25:43.199944,,,,,,
-3114.277777777774,0.05,719,0.7159090909090909,0.19444444444444445,3511,0,1883.1405336409186,1883.1391532245366,0.00468886189547436,87,2026-05-19T07:27:29.204980,,,,,,
-3036.7777777777796,0.05,719,0.43529411764705883,0.09722222222222222,3515,0,3952.0545617449766,3952.053183954846,0.004666104270935432,88,2026-05-19T07:29:16.225663,,,,,,
-2962.6111111111104,0.05,719,0.5176470588235295,0.125,3514,0,3229.6372030971775,3229.6358387725577,0.0046890015381625405,89,2026-05-19T07:31:02.318061,,,,,,
-3084.166666666668,0.05,719,0.5444444444444444,0.18055555555555555,3510,0,1949.6137243119665,1949.6123767051645,0.004588916137431112,90,2026-05-19T07:34:01.975049,-2898.5555555555493,0.0,0.7865168539325843,0.20833333333333334,3511.0,0.0
-15203.333333333363,0.05,719,0.3411764705882353,0.1388888888888889,3515,0,7019.382738938418,7019.38138779546,0.004580619774748453,91,2026-05-19T07:35:48.119300,,,,,,
-3136.1666666666683,0.05,719,0.42528735632183906,0.1111111111111111,3513,0,8924.154287685771,8924.152966646558,0.004598558203593124,92,2026-05-19T07:37:37.617096,,,,,,
-3093.277777777781,0.05,719,1.0112359550561798,0.20833333333333334,3511,0,5907.739887213674,5907.738513508824,0.00468778029351038,93,2026-05-19T07:39:24.066455,,,,,,
-3014.3333333333353,0.05,719,0.11494252873563218,0.05555555555555555,3512,0,15545.267952453443,15545.26665752554,0.0044857058104163915,94,2026-05-19T07:41:10.805891,,,,,,
-3030.500000000002,0.05,719,1.1685393258426966,0.2222222222222222,3511,0,12372.510276083489,12372.508979688599,0.004471580090224018,95,2026-05-19T07:42:57.116938,,,,,,
-3039.000000000001,0.05,719,0.6511627906976745,0.1111111111111111,3513,0,18287.447704922673,18287.446442393168,0.004401069243279219,96,2026-05-19T07:44:42.712169,,,,,,
-23377.33333333332,0.05,719,0.21951219512195122,0.05555555555555555,3516,0,15716.263799272094,15716.262485610261,0.004601941713402682,97,2026-05-19T07:46:30.829269,,,,,,
-2950.88888888889,0.05,719,0.6046511627906976,0.1527777777777778,3514,0,32897.536238451496,32897.53496147495,0.004418392804929254,98,2026-05-19T07:48:17.129648,,,,,,
-3046.5555555555534,0.05,719,0.5842696629213483,0.1527777777777778,3511,0,11439.437218155417,11439.435960443361,0.0043299608855470705,99,2026-05-19T07:50:03.119382,,,,,,
-3119.7777777777783,0.05,719,0.9662921348314607,0.16666666666666666,3510,0,25297.462221591297,25297.460993457735,0.004324506785945969,100,2026-05-19T07:53:03.102554,-2829.833333333333,0.0,0.6590909090909091,0.18055555555555555,3512.0,0.0
-704185.8888888888,0.392,719,0.797752808988764,0.16666666666666666,3511,0,170534.62502136282,170534.6248642387,0.004348647363952805,101,2026-05-20T00:41:15.642414,,,,,,
-3711.4444444444407,0.38416,719,0.7640449438202247,0.20833333333333334,3511,0,411442.02321170864,411442.0230908613,0.004600520415091693,102,2026-05-20T00:46:56.209161,,,,,,
-3774.944444444445,0.3764768,719,0.9069767441860465,0.19444444444444445,3514,0,288451.76265284943,288451.76252442837,0.004541948031937193,103,2026-05-20T00:52:30.432171,,,,,,
-3769.666666666666,0.368947264,719,1.2873563218390804,0.25,3513,0,276425.4737738343,276425.4736459544,0.004560814669449012,104,2026-05-20T00:58:00.734196,,,,,,
-3506.611111111113,0.36156831872,719,0.7701149425287356,0.1388888888888889,3512,0,386649.14709581685,386649.146975821,0.004703704249606013,105,2026-05-20T01:03:32.462134,,,,,,
-3712.444444444446,0.3543369523456,719,1.1910112359550562,0.2361111111111111,3511,0,318025.7596196982,318025.75949121086,0.004717822679511488,106,2026-05-20T01:09:04.895538,,,,,,
-3741.666666666667,0.347250213298688,719,0.9101123595505618,0.1388888888888889,3511,0,337409.4083605595,337409.4082239546,0.005193273227931271,107,2026-05-20T01:14:39.088132,,,,,,
-3594.7777777777724,0.3403052090327142,719,0.41304347826086957,0.1388888888888889,3508,0,352469.581500641,352469.58136712393,0.004841210872390837,108,2026-05-20T01:20:11.593691,,,,,,
-3686.5555555555566,0.3334991048520599,719,0.9333333333333333,0.16666666666666666,3508,0,283516.398948245,283516.39881195576,0.004810239626509196,109,2026-05-20T01:25:47.906917,,,,,,
-3719.611111111112,0.3268291227550187,719,0.8,0.1388888888888889,3509,0,313250.63864441344,313250.63851494715,0.0048694104456209345,110,2026-05-20T01:35:09.177509,-2947.499999999997,0.0,0.9418604651162791,0.20833333333333334,3514.0,0.0
-7083.444444444444,0.3202925402999183,719,45.03472222222222,1.0,3456,0,345318.7554633415,345318.75532924617,0.004887522945649435,111,2026-05-20T01:40:26.976579,,,,,,
-3421.72222222222,0.31388668949391996,719,1.8876404494382022,0.2916666666666667,3511,0,368682.7954591372,368682.7953355707,0.004840806289478847,112,2026-05-20T01:45:45.920875,,,,,,
-3544.5555555555557,0.30760895570404156,719,1.0,0.19444444444444445,3506,0,389983.09702198097,389983.09689129976,0.004843257064833947,113,2026-05-20T01:51:01.073870,,,,,,
-3556.111111111112,0.30145677658996073,719,1.3863636363636365,0.2361111111111111,3511,0,364624.8243206141,364624.82418485015,0.004918777640981494,114,2026-05-20T01:56:16.659393,,,,,,
-3327.0555555555566,0.2954276410581615,719,0.7228915662650602,0.2222222222222222,3517,0,431164.5796020412,431164.57947590953,0.004906956614506779,115,2026-05-20T02:01:28.608591,,,,,,
-3515.5555555555575,0.28951908823699823,719,1.6853932584269662,0.25,3510,0,397484.83867885073,397484.8385499044,0.005020847337149467,116,2026-05-20T02:06:42.679485,,,,,,
-3469.611111111114,0.2837287064722583,719,0.3522727272727273,0.09722222222222222,3511,0,417418.27474926773,417418.2746203108,0.004957511502943716,117,2026-05-20T02:12:11.543605,,,,,,
-3344.3333333333317,0.2780541323428131,719,0.9302325581395349,0.20833333333333334,3514,0,380073.573038714,380073.5728988435,0.005081496508118485,118,2026-05-20T02:17:29.062078,,,,,,
-3432.3888888888882,0.27249304969595683,719,0.3058823529411765,0.08333333333333333,3515,0,412570.946447582,412570.9463180866,0.004985019717150483,119,2026-05-20T02:22:43.752213,,,,,,
-3503.111111111112,0.2670431887020377,719,1.4157303370786516,0.2222222222222222,3510,0,313913.5604112437,313913.5602754134,0.004984311590758728,120,2026-05-20T02:31:35.454525,-2947.499999999997,0.0,0.9418604651162791,0.20833333333333334,3514.0,0.0
-1247973.3333333326,0.26170232492799694,719,3.812658227848101,1.9166666666666667,3197,0,631123.3576598903,631123.3575468076,0.005267622674360706,121,2026-05-20T02:38:48.563032,,,,,,
-3381.7777777777696,0.256468278429437,719,1.2413793103448276,0.2361111111111111,3513,0,1196286.371374987,1196286.3713073411,0.0056592551667517844,122,2026-05-20T02:44:22.813799,,,,,,
-3430.888888888887,0.25133891286084825,719,0.5795454545454546,0.16666666666666666,3511,0,1251222.5048467878,1251222.504785068,0.005933988583241803,123,2026-05-20T02:50:03.587817,,,,,,
-3543.2222222222226,0.24631213460363127,719,1.101123595505618,0.18055555555555555,3511,0,996196.6092537626,996196.6091859895,0.00590008288726822,124,2026-05-20T02:55:42.930353,,,,,,
-3382.166666666667,0.24138589191155865,719,0.6111111111111112,0.19444444444444445,3510,0,1063508.0767943233,1063508.0767215735,0.005802510396586485,125,2026-05-20T03:01:41.096599,,,,,,
-3205.6111111111077,0.23655817407332747,719,1.0229885057471264,0.20833333333333334,3513,0,1167017.0438837467,1167017.0438084449,0.005927740753937891,126,2026-05-20T03:07:25.924985,,,,,,
-709425.2222222222,0.23182701059186092,719,343.1470588235294,7.888888888888889,2931,0,1511983.391894127,1511983.391816443,0.0066559721728053686,127,2026-05-20T03:13:56.805082,,,,,,
-3343.333333333336,0.2271904703800237,719,0.2926829268292683,0.08333333333333333,3517,0,2022934.3415714258,2022934.3415151127,0.006504051251950906,128,2026-05-20T03:19:53.060945,,,,,,
-3430.4999999999986,0.22264666097242322,719,0.25,0.08333333333333333,3511,0,2941723.0705789346,2941723.070519454,0.006738738754313434,129,2026-05-20T03:25:52.003315,,,,,,
-3294.6111111111136,0.21819372775297474,719,0.38636363636363635,0.06944444444444445,3511,0,2057260.3146420985,2057260.314583297,0.0060512771867526505,130,2026-05-20T03:35:58.454061,-2987.555555555555,0.0,0.45348837209302323,0.1111111111111111,3514.0,0.0
-3468.222222222223,0.21382985319791525,719,1.4269662921348314,0.25,3510,0,2778317.6620405195,2778317.6619861745,0.006640151815336089,131,2026-05-20T03:42:04.125607,,,,,,
-3333.888888888891,0.20955325613395695,719,0.8260869565217391,0.1527777777777778,3508,0,2925292.4227384375,2925292.422681291,0.006076488383528835,132,2026-05-20T03:47:40.289223,,,,,,
-3299.8333333333344,0.2053621910112778,719,1.148936170212766,0.2222222222222222,3506,0,3034406.844251057,3034406.8441907065,0.0062334821083465065,133,2026-05-20T03:53:22.699766,,,,,,
-116872.16666666667,0.20125494719105225,719,1.1494252873563218,0.2638888888888889,3513,0,1862113.457767078,1862113.457713826,0.006495073883274831,134,2026-05-20T03:59:13.657070,,,,,,
-3188.777777777778,0.1972298482472312,719,0.5930232558139535,0.16666666666666666,3513,0,1647134.3142036735,1647134.3141521777,0.006500327312005412,135,2026-05-20T04:04:49.771956,,,,,,
-3367.5555555555543,0.19328525128228657,719,0.7931034482758621,0.1527777777777778,3512,0,2505556.3635231727,2505556.3634704356,0.006606468560383947,136,2026-05-20T04:10:24.041948,,,,,,
-3264.7222222222185,0.18941954625664084,719,1.2272727272727273,0.2361111111111111,3511,0,1963569.078532764,1963569.078470169,0.006948888067399593,137,2026-05-20T04:16:05.573343,,,,,,
-3377.2222222222226,0.185631155331508,719,0.6292134831460674,0.1527777777777778,3511,0,2669440.763890183,2669440.76384334,0.00643230304549421,138,2026-05-20T04:21:41.791406,,,,,,
-3280.7222222222204,0.18191853222487783,719,0.5056179775280899,0.125,3510,0,3149289.417982613,3149289.41792734,0.0066634014165300945,139,2026-05-20T04:27:24.880876,,,,,,
-3281.999999999999,0.17828016158038026,719,0.7111111111111111,0.18055555555555555,3510,0,2822062.3084794204,2822062.308424545,0.006501039586603766,140,2026-05-20T04:36:41.692396,-2954.111111111113,0.0,1.4642857142857142,0.19444444444444445,3516.0,0.0
-3318.111111111112,0.17471455834877267,719,2.1363636363636362,0.3055555555555556,3512,0,2736737.588120637,2736737.5880604666,0.006775187790880863,141,2026-05-20T04:42:37.775413,,,,,,
-3234.0555555555534,0.17122026718179723,719,1.0674157303370786,0.25,3511,0,3260322.072954817,3260322.0728946575,0.006478341926479911,142,2026-05-20T04:48:16.538454,,,,,,
-182852.11111111133,0.16779586183816128,719,1.3666666666666667,0.2222222222222222,3510,0,1993200.2008618924,1993200.2008083647,0.006768398098932561,143,2026-05-20T04:54:14.471449,,,,,,
-167728.0555555553,0.16443994460139805,719,0.7727272727272727,0.125,3512,0,2104402.6023824634,2104402.602331196,0.006746979723703919,144,2026-05-20T05:00:09.203498,,,,,,
-3210.2777777777783,0.16115114570937009,719,0.7333333333333333,0.16666666666666666,3510,0,2915168.6956023215,2915168.695552985,0.007521834860456089,145,2026-05-20T05:05:48.653825,,,,,,
-3199.2222222222217,0.15792812279518267,719,1.3820224719101124,0.20833333333333334,3511,0,2735725.4968364118,2735725.496791882,0.006966426232842643,146,2026-05-20T05:11:26.168380,,,,,,
-144002.3888888889,0.15476956033927902,719,0.3888888888888889,0.125,3510,0,1985316.0145935887,1985316.0145462737,0.006625874676535706,147,2026-05-20T05:17:17.935655,,,,,,
-3140.9999999999977,0.15167416913249343,719,0.8735632183908046,0.18055555555555555,3513,0,2740847.085059069,2740847.085018699,0.006981301217913752,148,2026-05-20T05:22:54.295288,,,,,,
-3226.7777777777806,0.14864068574984357,719,0.8651685393258427,0.125,3511,0,4760090.641786,4760090.641743035,0.006771065084903562,149,2026-05-20T05:28:28.495895,,,,,,
-166668.61111111104,0.14566787203484668,719,0.24719101123595505,0.06944444444444445,3511,0,2147342.465936849,2147342.465900193,0.006913427275803681,150,2026-05-20T05:37:57.258275,-2989.8333333333326,0.0,0.5747126436781609,0.1527777777777778,3513.0,0.0
-159321.72222222202,0.14275451459414976,719,0.5465116279069767,0.18055555555555555,3513,0,4999474.221904404,4999474.221869568,0.008379217614167175,151,2026-05-20T05:44:24.723906,,,,,,
-3125.1111111111118,0.13989942430226676,719,1.0465116279069768,0.2361111111111111,3514,0,3929541.5926650716,3929541.5926341615,0.007143447810967915,152,2026-05-20T05:50:03.045603,,,,,,
-3229.000000000003,0.13710143581622142,719,0.4,0.16666666666666666,3515,0,2688048.5178973554,2688048.5178652196,0.006869929153549903,153,2026-05-20T05:55:42.875195,,,,,,
-3155.6111111111145,0.134359407099897,719,0.3181818181818182,0.09722222222222222,3512,0,4262138.3238119995,4262138.323774038,0.007898392026883878,154,2026-05-20T06:01:21.231298,,,,,,
-3255.3888888888905,0.13167221895789905,719,1.2222222222222223,0.2777777777777778,3509,0,5215734.608511383,5215734.608489019,0.007275210791921583,155,2026-05-20T06:06:57.885234,,,,,,
-3242.111111111108,0.12903877457874105,719,0.9090909090909091,0.20833333333333334,3512,0,4073712.9366692184,4073712.936635995,0.008146785717763224,156,2026-05-20T06:12:32.748614,,,,,,
-3162.888888888886,0.12645799908716623,719,0.9230769230769231,0.1527777777777778,3509,0,4303800.972327639,4303800.972300757,0.007516886450878768,157,2026-05-20T06:18:13.552087,,,,,,
-3228.8888888888896,0.1239288391054229,719,0.8043478260869565,0.18055555555555555,3508,0,4800520.396211001,4800520.396179364,0.007330503221471717,158,2026-05-20T06:23:51.406358,,,,,,
-3057.8333333333326,0.12145026232331445,719,1.488888888888889,0.2361111111111111,3510,0,4647728.164847755,4647728.1648146855,0.007664593459289619,159,2026-05-20T06:29:27.989548,,,,,,
-3229.055555555555,0.11902125707684816,719,0.4117647058823529,0.125,3515,0,4348996.276467977,4348996.27643599,0.007936155710431523,160,2026-05-20T06:38:53.086415,-3022.9999999999986,0.0,1.3076923076923077,0.2361111111111111,3509.0,0.0
-3247.277777777782,0.11664083193531119,719,0.1111111111111111,0.09722222222222222,3519,0,3092024.7563261422,3092024.7562915976,0.007044863828194945,161,2026-05-20T06:44:52.746990,,,,,,
-3151.1666666666665,0.11430801529660496,719,0.47126436781609193,0.125,3512,0,5752993.363426559,5752993.363390099,0.00735586517851836,162,2026-05-20T06:50:29.443161,,,,,,
-3194.1111111111118,0.11202185499067287,719,1.0337078651685394,0.1388888888888889,3509,0,3904410.7605747283,3904410.7605440035,0.0069589996127533485,163,2026-05-20T06:56:08.126071,,,,,,
-3108.499999999998,0.1097814178908594,719,0.3563218390804598,0.125,3513,0,5055738.291747479,5055738.291712743,0.0074697810792531275,164,2026-05-20T07:01:52.277612,,,,,,
-3207.722222222225,0.10758578953304222,719,0.8045977011494253,0.16666666666666666,3511,0,3872997.2885134276,3872997.288487319,0.007213965697558558,165,2026-05-20T07:07:29.881107,,,,,,
-3156.7222222222254,0.10543407374238138,719,1.0337078651685394,0.2222222222222222,3511,0,3436511.8691766923,3436511.869143511,0.007055457622481196,166,2026-05-20T07:13:07.040404,,,,,,
-3154.8888888888905,0.10332539226753375,719,0.5833333333333334,0.1111111111111111,3515,0,5437069.814685928,5437069.814647887,0.00720253026874552,167,2026-05-20T07:18:45.038105,,,,,,
-3119.888888888889,0.10125888442218307,719,1.146067415730337,0.2361111111111111,3511,0,9362356.277836604,9362356.277794935,0.007375725499653518,168,2026-05-20T07:24:21.762049,,,,,,
-3171.7777777777724,0.09923370673373941,719,0.4606741573033708,0.125,3511,0,3923477.76917764,3923477.769139498,0.007459054394043536,169,2026-05-20T07:30:17.654670,,,,,,
-3132.555555555552,0.09724903259906462,719,1.0941176470588236,0.25,3515,0,7699332.512822486,7699332.512790521,0.007323736499772201,170,2026-05-20T07:39:34.595366,-3021.4444444444484,0.0,1.978021978021978,0.3472222222222222,3509.0,0.0
-3106.888888888893,0.09530405194708333,719,0.8488372093023255,0.19444444444444445,3514,0,3024419.335579486,3024419.3355300277,0.00720489469858117,171,2026-05-20T07:45:42.958692,,,,,,
-3171.8888888888846,0.09339797090814166,719,0.39080459770114945,0.125,3513,0,7069553.706493436,7069553.70644011,0.006954272466119747,172,2026-05-20T07:51:23.160755,,,,,,
-3106.555555555553,0.09153001148997882,719,0.2159090909090909,0.09722222222222222,3512,0,5596452.941084383,5596452.941040575,0.007230888197900564,173,2026-05-20T07:57:10.102573,,,,,,
-3011.388888888888,0.08969941126017923,719,0.3522727272727273,0.1388888888888889,3512,0,3265537.9902005573,3265537.9901486267,0.007045167743102732,174,2026-05-20T08:02:51.654135,,,,,,
-3108.055555555558,0.08790542303497564,719,0.627906976744186,0.18055555555555555,3514,0,2989567.062566712,2989567.0625135927,0.0073529622272713955,175,2026-05-20T08:08:30.617978,,,,,,
-2961.444444444449,0.08614731457427613,719,1.4204545454545454,0.2916666666666667,3512,0,2747650.4172792025,2747650.417228805,0.00728880125130313,176,2026-05-20T08:14:13.435086,,,,,,
-3152.61111111111,0.08442436828279061,719,0.5802469135802469,0.09722222222222222,3518,0,4878395.5434205765,4878395.543367145,0.00708776422010758,177,2026-05-20T08:16:37.231363,,,,,,
-3071.611111111112,0.0827358809171348,719,0.38372093023255816,0.1111111111111111,3514,0,3123817.4663041052,3123817.466244471,0.0078006930110434665,178,2026-05-20T08:22:51.545704,,,,,,
-3064.555555555553,0.0810811632987921,719,0.8620689655172413,0.20833333333333334,3513,0,5304520.722851001,5304520.722802853,0.006980225309776207,179,2026-05-20T08:29:16.694642,,,,,,
-3154.722222222219,0.07945954003281626,719,0.7558139534883721,0.20833333333333334,3514,0,5369030.347981337,5369030.347936219,0.00683719242543438,180,2026-05-20T08:38:17.443184,-2978.6111111111104,0.0,0.9534883720930233,0.1527777777777778,3514.0,0.0
-3062.5555555555575,0.07787034923215994,719,0.38095238095238093,0.1111111111111111,3516,0,7083479.551775586,7083479.551720673,0.006801069462192614,181,2026-05-20T08:42:47.979817,,,,,,
-3146.8333333333367,0.07631294224751674,719,0.4235294117647059,0.1111111111111111,3515,0,3410764.090488126,3410764.090435872,0.006762446087599837,182,2026-05-20T08:44:34.518743,,,,,,
-3028.722222222225,0.0747866834025664,719,0.9651162790697675,0.19444444444444445,3513,0,8431453.275115892,8431453.275067171,0.006692023730871782,183,2026-05-20T08:46:21.712113,,,,,,
-3024.9444444444403,0.07329094973451507,719,0.7380952380952381,0.25,3516,0,5933265.70266826,5933265.702607411,0.006672532986124177,184,2026-05-20T08:48:09.635426,,,,,,
-3191.9444444444453,0.07182513073982477,719,1.3068181818181819,0.2638888888888889,3512,0,6282048.311515574,6282048.311466055,0.00687320410534325,185,2026-05-20T08:49:56.727417,,,,,,
-3103.0000000000014,0.07038862812502827,719,1.0113636363636365,0.20833333333333334,3512,0,6402934.723148614,6402934.723098516,0.006919373862409086,186,2026-05-20T08:51:44.359153,,,,,,
-3138.944444444451,0.06898085556252771,719,0.4942528735632184,0.1111111111111111,3513,0,4450112.4379667835,4450112.437920132,0.007019474235219526,187,2026-05-20T08:53:34.769300,,,,,,
-3076.722222222217,0.06760123845127716,719,0.38202247191011235,0.09722222222222222,3511,0,6444868.265782707,6444868.265738597,0.006504194318771528,188,2026-05-20T08:55:23.077750,,,,,,
-2974.611111111112,0.06624921368225162,719,1.0459770114942528,0.19444444444444445,3513,0,4161629.592846262,4161629.592794039,0.006486327794765191,189,2026-05-20T08:57:09.790056,,,,,,
-3102.7222222222244,0.06492422940860658,719,0.9425287356321839,0.2222222222222222,3513,0,4001435.833500943,4001435.8334455104,0.006979989131422964,190,2026-05-20T09:00:10.422999,-2903.0,0.0,0.9529411764705882,0.20833333333333334,3515.0,0.0
-3092.2777777777796,0.06362574482043444,719,0.14942528735632185,0.06944444444444445,3512,0,3098040.648450631,3098040.6483734194,0.0061813695822558745,191,2026-05-20T09:01:54.284117,,,,,,
-3101.277777777778,0.06235322992402575,719,0.7011494252873564,0.18055555555555555,3512,0,2349602.5650091823,2349602.5649204548,0.005980388138324064,192,2026-05-20T09:03:41.532992,,,,,,
-3086.888888888889,0.061106165325545234,719,0.13953488372093023,0.027777777777777776,3512,0,1911918.4896000344,1911918.4895112007,0.005876561716167834,193,2026-05-20T09:05:29.235333,,,,,,
-3047.111111111109,0.05988404201903433,719,0.7126436781609196,0.18055555555555555,3512,0,4944035.994324603,4944035.994236762,0.00582951371414232,194,2026-05-20T09:07:15.759965,,,,,,
-158552.9444444446,0.05868636117865364,719,0.3516483516483517,0.1527777777777778,3509,0,2330554.2964846063,2330554.296404795,0.005952373476017666,195,2026-05-20T09:09:09.757054,,,,,,
-3026.388888888884,0.057512633955080564,719,1.108695652173913,0.2222222222222222,3508,0,4966385.063578922,4966385.063501695,0.005918795763617265,196,2026-05-20T09:10:59.426977,,,,,,
-3006.2222222222244,0.05636238127597895,719,1.1318681318681318,0.2361111111111111,3509,0,2111839.404130267,2111839.4040421126,0.005845109559401289,197,2026-05-20T09:12:47.178839,,,,,,
-3129.0555555555547,0.05523513365045937,719,0.42696629213483145,0.125,3511,0,1280154.6588455434,1280154.6587385621,0.005644225497290969,198,2026-05-20T09:14:35.551030,,,,,,
-2983.722222222223,0.054130430977450184,719,0.5,0.1388888888888889,3509,0,1629093.7274536057,1629093.7273564134,0.005569380234605704,199,2026-05-20T09:16:23.273369,,,,,,
-3020.5000000000023,0.05304782235790118,719,1.6385542168674698,0.2638888888888889,3517,0,1442331.8550284735,1442331.8549254315,0.005547959194939599,200,2026-05-20T09:19:23.540604,-2973.888888888887,0.0,0.37209302325581395,0.08333333333333333,3513.0,0.0
-3177.6666666666697,0.1485,719,0.5280898876404494,0.1527777777777778,3511,0,1375863.8852346656,1375863.8851283262,0.0054774895525422146,201,2026-05-22T18:17:57.206381,,,,,,
-3246.6666666666674,0.14701499999999998,719,0.8705882352941177,0.20833333333333334,3515,0,1422667.1259775972,1422667.1258785317,0.00545642423956436,202,2026-05-22T18:19:39.990405,,,,,,
-3200.944444444445,0.14554484999999998,719,0.6162790697674418,0.1388888888888889,3513,0,1516732.5452598152,1516732.5451640738,0.005497726978039854,203,2026-05-22T18:21:21.939420,,,,,,
-3149.888888888888,0.14408940149999996,719,0.43820224719101125,0.125,3510,0,1383460.7784451311,1383460.778338691,0.0054558386769720845,204,2026-05-22T18:23:04.965954,,,,,,
-3273.999999999998,0.14264850748499996,719,0.9222222222222223,0.20833333333333334,3510,0,1732792.8693367185,1732792.869223755,0.005391844780791825,205,2026-05-22T18:24:46.418930,,,,,,
-3185.8333333333335,0.14122202241014997,719,0.6666666666666666,0.1527777777777778,3510,0,2017015.7257338485,2017015.7256349423,0.005384335621429791,206,2026-05-22T18:26:27.735290,,,,,,
-3201.8888888888882,0.13980980218604847,719,0.32222222222222224,0.125,3509,0,1941757.6846378709,1941757.684536503,0.005415941931188148,207,2026-05-22T18:28:09.575089,,,,,,
-3197.4444444444403,0.138411704164188,719,0.625,0.1527777777777778,3512,0,1936840.4411997683,1936840.4410975408,0.005340815738092212,208,2026-05-22T18:29:50.674809,,,,,,
-3158.9444444444453,0.13702758712254612,719,0.4777777777777778,0.16666666666666666,3508,0,2114405.057062173,2114405.056943976,0.005327433683833053,209,2026-05-22T18:31:32.210848,,,,,,
-3235.9444444444516,0.13565731125132066,719,0.023255813953488372,0.013888888888888888,3512,0,1917181.059054774,1917181.058949188,0.0053602821865249865,210,2026-05-22T18:38:54.794888,-45181.16666666669,84449.67404722606,0.8995567116157657,0.15833333333333335,3511.0,0.0
-3230.555555555555,0.13430073813880744,719,0.4772727272727273,0.1111111111111111,3511,0,1570866.5489346606,1570866.5488263927,0.0052431980983427984,211,2026-05-22T18:40:35.745321,,,,,,
-3232.388888888888,0.13295773075741937,719,0.43023255813953487,0.125,3513,0,1797421.0704467704,1797421.0703375635,0.005259421794909741,212,2026-05-22T18:42:17.948917,,,,,,
-3150.388888888888,0.1316281534498452,719,0.36046511627906974,0.1527777777777778,3514,0,907969.3831877914,907969.3830659041,0.0051774122300188635,213,2026-05-22T18:43:59.557328,,,,,,
-3180.6111111111154,0.13031187191534674,719,1.2222222222222223,0.2361111111111111,3510,0,1266425.6845103677,1266425.6843714602,0.0050652875980784565,214,2026-05-22T18:45:40.994526,,,,,,
-3153.27777777778,0.12900875319619326,719,0.6976744186046512,0.20833333333333334,3514,0,1157023.7481905601,1157023.7480510531,0.0050648118318116836,215,2026-05-22T18:47:22.875793,,,,,,
-157587.83333333343,0.12771866566423132,719,0.627906976744186,0.18055555555555555,3514,0,1099392.751004109,1099392.750867366,0.005101620543473536,216,2026-05-22T18:49:10.984839,,,,,,
-3298.222222222223,0.126441479007589,719,0.4222222222222222,0.1111111111111111,3510,0,1026696.4057076869,1026696.405578868,0.005111100236653391,217,2026-05-22T18:50:52.409059,,,,,,
-3112.555555555553,0.12517706421751312,719,0.5802469135802469,0.18055555555555555,3519,0,640932.1047068611,640932.1045695664,0.005078042737209602,218,2026-05-22T18:52:34.887482,,,,,,
-3159.777777777776,0.12392529357533799,719,1.0459770114942528,0.2361111111111111,3513,0,1375095.9715344424,1375095.9714017557,0.00502421090545156,219,2026-05-22T18:54:17.289874,,,,,,
-3231.388888888892,0.1226860406395846,719,0.16091954022988506,0.05555555555555555,3512,0,437082.72905816353,437082.72889782954,0.004935182402394867,220,2026-05-22T19:01:33.807589,-2969.9111111111115,44.452382624418625,0.7283584131326949,0.17777777777777776,3512.6,0.0
-3129.1666666666647,0.12145918023318876,719,0.9545454545454546,0.18055555555555555,3512,0,267420.5976623355,267420.597477832,0.004818654252262851,221,2026-05-22T19:03:13.253211,,,,,,
-3163.500000000002,0.12024458843085688,719,0.1,0.06944444444444445,3510,0,354926.0343238475,354926.03414694953,0.004821172879130602,222,2026-05-22T19:04:54.856199,,,,,,
-3155.4444444444466,0.11904214254654831,719,1.0,0.19444444444444445,3513,0,427044.58688529575,427044.5867075197,0.0048487896996036025,223,2026-05-22T19:06:38.245111,,,,,,
-3164.777777777777,0.11785172112108283,719,0.6395348837209303,0.1527777777777778,3514,0,377464.9143121717,377464.9141388152,0.004853893046154639,224,2026-05-22T19:08:19.987750,,,,,,
-3181.611111111109,0.116673203909872,719,0.611764705882353,0.2222222222222222,3515,0,378723.0284622017,378723.02828205144,0.004840736382320959,225,2026-05-22T19:10:02.194640,,,,,,
-3051.3888888888873,0.11550647187077327,719,0.9431818181818182,0.2222222222222222,3512,0,305073.82308799465,305073.822916641,0.004780811636212576,226,2026-05-22T19:11:44.948947,,,,,,
-3130.7777777777724,0.11435140715206554,719,0.7333333333333333,0.2361111111111111,3509,0,281786.96984116256,281786.9696593278,0.004764304394342824,227,2026-05-22T19:13:27.578153,,,,,,
-3103.33333333333,0.11320789308054488,719,0.9101123595505618,0.20833333333333334,3510,0,296206.0209284081,296206.02075250226,0.004777622041298965,228,2026-05-22T19:15:09.933001,,,,,,
-3211.9444444444457,0.11207581414973943,719,0.45348837209302323,0.1111111111111111,3514,0,446744.4187161203,446744.4185468862,0.004742334183287368,229,2026-05-22T19:16:52.162738,,,,,,
-3021.222222222224,0.11095505600824203,719,0.35294117647058826,0.05555555555555555,3514,0,298326.7615790732,298326.76140318596,0.00475084216506201,230,2026-05-22T19:24:14.455016,-3041.055555555557,70.44138619369191,0.4893726596962188,0.14166666666666666,3511.4,0.0
-3044.7777777777765,0.1098455054481596,719,0.5714285714285714,0.1111111111111111,3515,0,290618.19417267485,290618.1939915006,0.0047309640927760965,231,2026-05-22T19:25:50.261903,,,,,,
-3098.9444444444425,0.108747050393678,719,1.6111111111111112,0.20833333333333334,3509,0,325988.6394953323,325988.6393335207,0.004752814649929382,232,2026-05-22T19:27:32.409371,,,,,,
-3118.2777777777806,0.10765957988974123,719,0.4827586206896552,0.1111111111111111,3513,0,214985.0639899921,214985.0638145691,0.00469235823812256,233,2026-05-22T19:29:14.824741,,,,,,
-3078.6666666666642,0.10658298409084381,719,0.7674418604651163,0.20833333333333334,3514,0,223874.89008841693,223874.88991025626,0.004666042060465636,234,2026-05-22T19:30:57.140286,,,,,,
-3179.277777777776,0.10551715424993537,719,0.735632183908046,0.16666666666666666,3513,0,285253.59503123426,285253.5948617853,0.0046677314676344395,235,2026-05-22T19:32:39.229834,,,,,,
-3026.000000000001,0.10446198270743601,719,1.2804878048780488,0.20833333333333334,3518,0,248871.99134605684,248871.99117393387,0.004685195074164113,236,2026-05-22T19:34:21.827222,,,,,,
-3239.944444444441,0.10341736288036164,719,0.3902439024390244,0.125,3517,0,261380.53771958596,261380.53754596683,0.004688734840536918,237,2026-05-22T19:36:04.245467,,,,,,
-3026.4444444444425,0.10238318925155802,719,0.4588235294117647,0.1111111111111111,3515,0,228062.95651272972,228062.95634681956,0.004687959332503534,238,2026-05-22T19:37:46.969986,,,,,,
-2963.0000000000014,0.10135935735904245,719,1.3146067415730338,0.2222222222222222,3511,0,208015.26565787854,208015.26549548598,0.004689298562060456,239,2026-05-22T19:39:29.071769,,,,,,
-3208.111111111112,0.10034576378545201,719,0.8953488372093024,0.20833333333333334,3513,0,207686.345614485,207686.3454413195,0.004675784653767695,240,2026-05-22T19:47:06.402635,-67040.22222222216,79515.77750558234,0.5899861463755987,0.1527777777777778,3512.8,0.0
-3055.2222222222213,0.0993423061475975,719,0.8255813953488372,0.19444444444444445,3514,0,205633.82554531496,205633.82537399314,0.0046340339523720684,241,2026-05-22T19:48:42.661059,,,,,,
-3191.8888888888932,0.09834888308612152,719,0.6818181818181818,0.1111111111111111,3511,0,255379.37705034143,255379.37688090838,0.004632486113034945,242,2026-05-22T19:50:25.367751,,,,,,
-139315.00000000003,0.0973653942552603,719,0.11904761904761904,0.05555555555555555,3515,0,409298.3159766058,409298.3158221185,0.004655306924054184,243,2026-05-22T19:52:15.360574,,,,,,
-2980.3888888888864,0.0963917403127077,719,0.08045977011494253,0.06944444444444445,3513,0,483490.65773436555,483490.6575905186,0.004717101659353755,244,2026-05-22T19:53:58.208855,,,,,,
-3138.6666666666647,0.09542782290958061,719,0.651685393258427,0.1527777777777778,3511,0,337172.3037969273,337172.30365104036,0.004692472170025463,245,2026-05-22T19:55:40.884348,,,,,,
-3012.11111111111,0.09447354468048481,719,0.2235294117647059,0.09722222222222222,3515,0,428843.37419194204,428843.3740513288,0.0047521379660369414,246,2026-05-22T19:57:23.637969,,,,,,
-3066.5555555555566,0.09352880923367997,719,0.6067415730337079,0.125,3511,0,309894.9596437552,309894.9594957381,0.004689223571163661,247,2026-05-22T19:59:06.024180,,,,,,
-3144.0000000000005,0.09259352114134317,719,1.4941176470588236,0.2777777777777778,3515,0,485372.4637396445,485372.4635961583,0.0047228372055436165,248,2026-05-22T20:00:49.889148,,,,,,
-3089.1666666666656,0.09166758592992974,719,0.8705882352941177,0.2361111111111111,3514,0,555442.482014034,555442.4818612445,0.004690856200361803,249,2026-05-22T20:02:31.817726,,,,,,
-2988.055555555562,0.09075091007063044,719,0.4606741573033708,0.09722222222222222,3511,0,486118.69679510675,486118.6966565972,0.004785425021275567,250,2026-05-22T20:09:56.620633,-2962.544444444446,30.552694815576483,0.495345442252136,0.13055555555555556,3513.0,0.0
-3156.7222222222226,0.08984340096992413,719,0.6363636363636364,0.1527777777777778,3511,0,473767.13059265394,473767.13044383563,0.004780566174425548,251,2026-05-22T20:11:37.354642,,,,,,
-3063.4444444444407,0.08894496696022489,719,0.2222222222222222,0.09722222222222222,3510,0,493328.62698154955,493328.6268325376,0.004726624222192524,252,2026-05-22T20:13:20.200261,,,,,,
-3120.8888888888887,0.08805551729062264,719,0.6511627906976745,0.1388888888888889,3514,0,532141.3584649957,532141.3583194881,0.004755014510597303,253,2026-05-22T20:15:02.892050,,,,,,
-3009.055555555557,0.08717496211771641,719,0.4,0.125,3510,0,349801.3076131977,349801.3074645572,0.004799682213387274,254,2026-05-22T20:16:45.631362,,,,,,
-3119.9444444444453,0.08630321249653924,719,0.4146341463414634,0.1388888888888889,3518,0,570786.0771477212,570786.0769987969,0.004779400472996837,255,2026-05-22T20:18:28.614269,,,,,,
-3302.3333333333358,0.08544018037157385,719,1.0,0.2222222222222222,3514,0,662097.0249677268,662097.0248200811,0.004776203427178803,256,2026-05-22T20:20:11.871520,,,,,,
-230444.2777777779,0.08458577856785811,719,1.6823529411764706,0.2777777777777778,3515,0,783023.1238227282,783023.1236934556,0.004826095477212868,257,2026-05-22T20:22:05.733575,,,,,,
-3036.0555555555575,0.08373992078217952,719,0.5172413793103449,0.1388888888888889,3513,0,892112.2155177019,892112.2153925571,0.0049043507234262035,258,2026-05-22T20:23:48.581761,,,,,,
-2958.166666666665,0.08290252157435773,719,0.9204545454545454,0.18055555555555555,3512,0,736919.8714545785,736919.8713286112,0.00487872123522671,259,2026-05-22T20:25:32.178758,,,,,,
-2934.38888888889,0.08207349635861416,719,1.1529411764705881,0.2222222222222222,3514,0,801926.1928762216,801926.192747514,0.004904964058925508,260,2026-05-22T20:32:57.874212,-2977.3111111111116,61.56831596579674,0.44152417282581363,0.15555555555555553,3512.6,0.0
-3000.3333333333376,0.08125276139502802,719,0.34831460674157305,0.1111111111111111,3510,0,998506.6456200065,998506.6455040615,0.004941213926525789,261,2026-05-22T20:34:32.980173,,,,,,
-3069.611111111114,0.08044023378107773,719,0.034482758620689655,0.027777777777777776,3513,0,982615.8006140904,982615.8004939513,0.004910038138114133,262,2026-05-22T20:36:15.607860,,,,,,
-3151.2777777777756,0.07963583144326696,719,0.4880952380952381,0.125,3515,0,576240.3485635378,576240.348429323,0.004932404521681752,263,2026-05-22T20:37:58.492206,,,,,,
-3138.8888888888855,0.07883947312883428,719,0.24719101123595505,0.06944444444444445,3511,0,657026.0734051795,657026.073270283,0.00488471474514054,264,2026-05-22T20:39:41.337087,,,,,,
-3091.2222222222254,0.07805107839754594,719,0.6627906976744186,0.16666666666666666,3514,0,666588.3599748492,666588.3598315619,0.0048382471047435085,265,2026-05-22T20:41:24.305312,,,,,,
-3058.8888888888873,0.07727056761357047,719,1.6896551724137931,0.3055555555555556,3513,0,700278.531797279,700278.5316476888,0.0047808482349877435,266,2026-05-22T20:43:08.108492,,,,,,
-3112.9999999999995,0.07649786193743477,719,0.5,0.125,3515,0,619784.5852049852,619784.5850617193,0.004772781160296108,267,2026-05-22T20:44:51.313862,,,,,,
-2952.999999999996,0.07573288331806043,719,1.0333333333333334,0.25,3510,0,581176.3790526622,581176.3789064701,0.004751695025976494,268,2026-05-22T20:46:34.554246,,,,,,
-3134.777777777777,0.07497555448487982,719,0.6744186046511628,0.16666666666666666,3513,0,699467.7767922344,699467.7766355932,0.00475134127753915,269,2026-05-22T20:48:17.305133,,,,,,
-3026.0555555555547,0.07422579894003102,719,0.5652173913043478,0.1527777777777778,3507,0,1085790.1842989172,1085790.1841552346,0.004833875343485921,270,2026-05-22T20:55:43.432317,-3005.2333333333327,85.93738317612781,0.5632732283829749,0.1388888888888889,3512.6,0.0
-2953.2777777777765,0.07348354095063071,719,0.9767441860465116,0.2222222222222222,3514,0,705806.0523731301,705806.0522275429,0.004844108591910571,271,2026-05-22T20:57:18.653091,,,,,,
-3100.000000000001,0.0727487055411244,719,0.5172413793103449,0.16666666666666666,3513,0,634068.5150042495,634068.5148524761,0.00478597288181868,272,2026-05-22T20:59:01.288326,,,,,,
-3036.4444444444457,0.07202121848571316,719,0.7469879518072289,0.18055555555555555,3517,0,899946.1808345221,899946.1806887545,0.004796501274980988,273,2026-05-22T21:00:46.397158,,,,,,
-10013.999999999998,0.07130100630085603,719,63.83870967741935,1.1527777777777777,3445,0,749966.7697053334,749966.7695651022,0.004818546079922991,274,2026-05-22T21:02:30.151660,,,,,,
-3130.8888888888882,0.07058799623784748,719,0.38202247191011235,0.08333333333333333,3511,0,1122976.2406116296,1122976.240475112,0.004795344115101495,275,2026-05-22T21:04:12.976455,,,,,,
-2988.6111111111118,0.069882116275469,719,0.42045454545454547,0.09722222222222222,3511,0,961346.9192765545,961346.9191374427,0.0048844037504325285,276,2026-05-22T21:05:55.288756,,,,,,
-3127.500000000003,0.06918329511271432,719,0.7415730337078652,0.19444444444444445,3511,0,874967.5025857812,874967.5024499057,0.004889233732759248,277,2026-05-22T21:07:38.009022,,,,,,
-3045.944444444448,0.06849146216158718,719,0.5604395604395604,0.125,3508,0,889370.5765911336,889370.5764556905,0.004795399929690842,278,2026-05-22T21:09:21.422273,,,,,,
-2967.444444444445,0.0678065475399713,719,0.2127659574468085,0.08333333333333333,3505,0,843799.2514862702,843799.2513512915,0.004793346834256312,279,2026-05-22T21:11:02.539230,,,,,,
-3073.3888888888887,0.06712848206457159,719,0.6739130434782609,0.1388888888888889,3507,0,555350.0140925396,555350.0139527884,0.004746970794421409,280,2026-05-22T21:18:48.453796,-95456.36666666686,185097.23816048124,0.4718564438130497,0.09722222222222224,3512.0,0.0
-3130.6666666666674,0.06645719724392588,719,1.0666666666666667,0.19444444444444445,3510,0,986007.4528228962,986007.452689281,0.004802062812161545,281,2026-05-22T21:20:24.055310,,,,,,
-3078.5555555555566,0.06579262527148662,719,1.5813953488372092,0.25,3514,0,1049386.5388097856,1049386.5386702016,0.004775682758275673,282,2026-05-22T21:22:07.700922,,,,,,
-2967.4444444444425,0.06513469901877175,719,0.21176470588235294,0.09722222222222222,3515,0,780283.1567610049,780283.1566211849,0.0047523362448073725,283,2026-05-22T21:23:54.100764,,,,,,
-3048.999999999998,0.06448335202858403,719,1.2386363636363635,0.2638888888888889,3512,0,1133045.7871331412,1133045.786997868,0.004708144821871658,284,2026-05-22T21:25:40.922134,,,,,,
-2943.9444444444443,0.06383851850829819,719,0.4666666666666667,0.125,3508,0,846667.5952337475,846667.5950941051,0.004661940092283077,285,2026-05-22T21:27:26.423358,,,,,,
-3182.7777777777733,0.06320013332321521,719,0.21739130434782608,0.1388888888888889,3508,0,608737.3844178853,608737.384263016,0.004608057246974803,286,2026-05-22T21:29:15.088512,,,,,,
-3033.7222222222226,0.06256813198998305,719,0.8295454545454546,0.18055555555555555,3512,0,566261.0095909713,566261.0094391686,0.004564220858388095,287,2026-05-22T21:31:03.164305,,,,,,
-3006.5555555555557,0.06194245067008322,719,1.1318681318681318,0.2361111111111111,3509,0,801222.1830709906,801222.1829176308,0.0045601026746360206,288,2026-05-22T21:32:52.320968,,,,,,
-2964.2222222222213,0.06132302616338239,719,0.2608695652173913,0.09722222222222222,3508,0,716160.2082176288,716160.2080560771,0.0045527416201741,289,2026-05-22T21:34:37.982369,,,,,,
-3011.9444444444457,0.06070979590174856,719,0.6666666666666666,0.18055555555555555,3510,0,493476.2151551598,493476.2150025958,0.004556168334478298,290,2026-05-22T21:42:02.219945,-2933.4,72.9201525092715,0.41526959585012013,0.11111111111111112,3511.6,0.0
-3158.5555555555557,0.06010269794273108,719,0.5909090909090909,0.1527777777777778,3512,0,791238.5743156296,791238.5741699628,0.004610381331696319,291,2026-05-22T21:43:37.697721,,,,,,
-3112.277777777779,0.05950167096330376,719,0.6931818181818182,0.1527777777777778,3512,0,433667.91194604867,433667.9117973232,0.004555484634579285,292,2026-05-22T21:45:17.514592,,,,,,
-2958.611111111111,0.058906654253670726,719,1.0224719101123596,0.20833333333333334,3511,0,747149.0097100625,747149.0095636689,0.004522424965827455,293,2026-05-22T21:47:00.317419,,,,,,
-3015.88888888889,0.05831758771113402,719,0.4827586206896552,0.16666666666666666,3513,0,614512.1412143442,614512.1410665207,0.004490524520048346,294,2026-05-22T21:48:43.761774,,,,,,
-2957.5000000000027,0.05773441183402268,719,0.10465116279069768,0.041666666666666664,3514,0,653317.4811335446,653317.4809847077,0.004513909892271038,295,2026-05-22T21:50:26.724672,,,,,,
-7629.444444444444,0.05715706771568245,719,55.26,1.1111111111111112,3450,0,479513.42098291795,479513.4208404981,0.004521153427489486,296,2026-05-22T21:52:10.081054,,,,,,
-3044.5555555555557,0.056585497038525626,719,0.6292134831460674,0.18055555555555555,3511,0,522039.4796885914,522039.4795482354,0.004548470556065025,297,2026-05-22T21:53:55.245126,,,,,,
-2865.4999999999945,0.05601964206814037,719,0.38636363636363635,0.1388888888888889,3512,0,567547.5400949141,567547.5399587522,0.004516968003931417,298,2026-05-22T21:55:38.219910,,,,,,
-2984.1666666666665,0.055459445647458964,719,0.5172413793103449,0.1111111111111111,3512,0,953380.7643101524,953380.764167401,0.004498079496854204,299,2026-05-22T21:57:21.415704,,,,,,
-2928.2222222222235,0.05490485119098437,719,1.0476190476190477,0.2361111111111111,3515,0,581770.5219479827,581770.5218003688,0.004523162488140404,300,2026-05-22T22:04:52.823245,-2983.4555555555557,20.044499876741554,1.2157309046011755,0.20833333333333334,3510.8,0.0
